728A5DF9-F99D-22F3-C3E9-956FB02D46CE,2
8927FBE4-8112-F2A9-0C5A-8917F20416A8,5
202B7AB7-C333-6757-86EA-26B9525D8366,1
6BDCFB18-71DB-CC9D-EE8B-91EE144C91B9,5
80843B4D-5107-481D-8C07-9238FE5632C9,4
832D64D7-ADAF-F713-E5EB-F63639712B6B,3
BF2E8490-E85B-51B3-84AE-B022AE258297,3
20CCEE8A-39F4-44EA-7B38-46FF2B9DF76A,4
2E0F6EBC-2D47-9091-B852-3AB91680D5E2,1
D893DEF4-5DFA-22B7-060C-87F71EA42366,2
FF0B2848-735E-1F1E-5643-0E3A3930D8D7,1
74F45D5D-C10F-39BE-B1A2-5EA466C6DBDB,5
25D68F65-9E9F-CF7F-EF09-30492904B0BC,5
750A1F0B-0354-A395-02D1-173D9018FA1F,3
DFFEBADD-65B2-2640-5D40-4A5ADD9126D0,1
6ECD411D-593A-A8AA-9888-76394D9C3239,4
91079BAD-B644-65ED-6963-80FC15346F6A,2
D7B9697D-BF19-8A55-78EB-82610DBFCFCC,1
EB8C3D22-CC36-A894-3207-526BEC63A90E,5
B4A42168-FF17-0B9C-B583-1B6D6B2B35FC,3
DBA511B8-075C-A474-2772-045B84DF3CBD,2
41137C68-5EAE-47D4-AB29-8E178211B383,5
EB79D31D-4B15-CAAE-2534-15A038E0C17A,1
9E13A9EF-873C-1E55-571C-82862C770BD5,3
885672A0-BF6A-2C5D-0E5D-9F54AABFA283,3
A4862FEE-2AD9-EB5D-6CF4-20C1C63EDCAD,4
C4F69547-90DF-3073-3E1C-6F643067C105,5
240D9D59-5958-851E-FB92-3D56A69A286B,2
AC807DA4-07E6-7333-F349-8D2DD6BE9DEC,2
175FC4A5-6FD7-2B30-D197-FA565F6BD065,2
EDF30984-5A79-B9BD-D57C-4B9449F2A226,5
EFB027BD-7FE5-3B45-B12F-27322DC9D702,2
D2BCE3CF-5482-9200-848F-155BAB628210,2
8361B075-6314-DCB1-F405-C1131C86C215,2
C147C94B-D00C-8169-D557-E94AD03C14EA,2
9166D253-AF58-94BF-012C-47225FBDA080,1
1DFD48FE-5AB1-8B17-EABD-AC3A6AAEA7A9,3
2CA25A45-5B77-775D-5648-BC54D8FE1AED,1
925CB60B-82D1-2C68-B44F-CB5FDFD74D68,5
4B739280-E9F4-4F23-E458-250C4D433BFD,1
A4C7E07D-CA09-E14D-1182-E2E6E2C2003E,2
9F5C7E7F-72F0-03F9-35F2-247B4466F907,5
04466A8A-ED79-76AD-BF5F-214A78C14E9F,1
C1B5611B-DE12-0AB5-D579-3EA74EDF944A,2
1A6CCC52-7DB0-B9D8-73D1-23B8D89A0BA1,2
61FD9EA5-EF7E-BBE6-2939-CC8F00FDAE7F,3
28E80779-5EC6-0BEB-21D1-59ACA039D992,3
574AFA54-AB9C-6B80-1C08-82D89E480A5F,3
5778894C-06B9-4D58-00A0-3CD0EB86546F,4
301AC7C2-07D4-900A-02E6-EDAB8F4E7A87,4
C5DFB863-52DD-0B79-4258-137A990FB2A8,3
5C7B916D-4ADC-3A9A-6BAB-79626FDAA3D8,5
DB7F084A-FC40-9F09-951B-64E117398A9D,3
EBCE8F16-F4EF-2A47-3016-BCDC7827B81D,4
355E2CB0-53F4-0E7A-F17D-84EB797905DC,4
EE1DA76B-170F-CAB5-D5D6-27FF128AD34A,1
9CFA0154-C855-1F8A-7B3F-1FE9ED5138F6,4
26E6CA52-EBB3-1151-AAD4-0A5C89B52C9E,4
05546ACD-4EAE-BA74-1426-50FE234FDD1D,3
EB10731B-EDC6-623F-76BD-A2565D43812A,2
581EA81D-0634-6BC6-B98C-09C941780A31,5
F4B5E9ED-A13E-42F0-1BED-271CD43D56D5,3
6BB9DC1A-9795-DE5D-2703-42867B02B6E5,2
6C59CA38-4F5B-CBDF-FDAC-3164DEF9F966,5
32E12530-0EF5-0F8F-266B-5F08058CFF7F,4
DB54FAF8-C38F-33A3-7B33-E18BE94F9E0B,3
9C4442F4-891B-F4A0-0AA1-32F9B13083FA,1
18CC85A2-A570-23EF-AEC2-21AAA1386118,4
E01F1B50-8923-7267-938C-23952380E66C,3
13A8A589-EDA3-5BBC-ADCC-030F9D5AB99A,2
6FC2CE0B-2D6D-B04D-E9C7-F9881205E320,4
AA8D3B86-DB5E-967C-4C9D-91AC1F8C9030,3
586B9C0D-DDB2-4AFF-4271-9516D00B6B21,2
D2A58FE3-1FA0-822B-D0C8-36E7608B6B2F,4
E551D53C-0AB7-6CB0-F036-1CC3CFC3EA9B,5
CDABFA4D-93B7-7A27-B97B-E02096BD18F3,2
5CA85559-B48D-7AA6-6F24-E3C0CF31BAFE,4
53F3B106-CAB0-9D04-5B13-6D936A6B9234,1
6F23AAA3-967E-B86B-EF99-3AF4FA3AD522,1
2835DFE6-8B14-15BF-2FC5-B4EBE79686EE,1
737EC70D-3CC2-9592-19B6-9CA507348584,3
36DB4D1F-B673-9E9A-9001-9879A1F456FB,4
C8025B2B-2B33-883B-5DB1-EFB7BFBAC2A7,3
36916DC1-1B4A-673D-1E2C-2D3BEB661A25,3
91768516-8548-E966-BBE2-68EEAA2D9927,5
3C88B52C-3107-A0CA-3070-E2DB735B26CA,3
0430051D-55B9-AD95-C9D8-176D15C42E33,5
1DAC47D2-B79C-9CFA-43EC-38E1A8ACDC6A,5
B84AB2F7-7FBA-8AA5-E93A-48E5AAC656E2,4
0A932945-6AEE-2804-9A2A-2373A992E3D4,3
ABE74547-4B8C-EBA9-C649-012DB5DD73A8,3
F77892E7-F8D0-84CC-0128-64EE27B37741,1
61F28B72-AAD8-8357-2D0B-D3D28F0D44F4,3
0EFB1FA1-1BC9-1331-55B6-00D83386214D,4
50842BB1-6F2E-4872-1072-049D69C1494C,4
2C162743-1E10-EE61-1215-B25FDB401788,2
0BB6D180-9B73-2741-EBB8-661518AE0283,2
8C78F457-34CA-063B-A7BA-1E2D0A261C2B,5
C017F521-7F45-F601-D2E3-179764DA5E93,5
4709D8FB-E401-416B-CADC-4E19F0CAF96F,4